GROUP,PACKAGE,CLASS,INSTRUCTION_MISSED,INSTRUCTION_COVERED,BRANCH_MISSED,BRANCH_COVERED,LINE_MISSED,LINE_COVERED,COMPLEXITY_MISSED,COMPLEXITY_COVERED,METHOD_MISSED,METHOD_COVERED
ims,com.qa.ims.exceptions,CustomerNotFoundException,3,0,0,0,1,0,1,0,1,0
ims,com.qa.ims.controller,ItemController,128,0,2,0,34,0,8,0,7,0
ims,com.qa.ims.controller,Action,105,0,4,0,19,0,7,0,5,0
ims,com.qa.ims.controller,CustomerController,17,109,0,2,5,29,1,7,1,6
ims,com.qa.ims.controller,OrderController,126,0,2,0,34,0,8,0,7,0
ims,com.qa.ims,IMS,153,0,18,0,50,0,19,0,6,0
ims,com.qa.ims,Runner,16,0,0,0,6,0,3,0,3,0
ims,com.qa.ims.persistence.dao,CustomerDAO,62,171,0,2,24,43,0,10,0,9
ims,com.qa.ims.persistence.dao,OrderDAO,284,0,2,0,80,0,10,0,9,0
ims,com.qa.ims.persistence.dao,ItemDAO,233,0,2,0,67,0,10,0,9,0
ims,com.qa.ims.utils,DBUtils,26,152,1,3,10,32,2,12,1,11
ims,com.qa.ims.utils,Utils,59,3,4,0,25,1,7,1,5,1
ims,com.qa.ims.persistence.domain,Order,223,0,18,0,51,0,28,0,19,0
ims,com.qa.ims.persistence.domain,Domain,88,0,2,0,17,0,6,0,5,0
ims,com.qa.ims.persistence.domain,Item,125,0,12,0,29,0,17,0,11,0
ims,com.qa.ims.persistence.domain,Customer,0,176,0,30,0,48,0,26,0,11
